{
  "train_loss": [
    2.397739062309265,
    2.042120716571808,
    1.9301615953445435,
    1.855115917523702,
    1.8022064749399822,
    1.7268528882662455,
    1.6722733694314957,
    1.6089353581269583,
    1.5552644191185634,
    1.4830164380868276,
    1.4166176215807598,
    1.3843132049838702,
    1.3134492747982343,
    1.282947195271651,
    1.222665574848652,
    1.1920878089467684,
    1.2061044625441233,
    1.1549739035964013,
    1.145377532839775,
    1.1257231188813845,
    1.1184407011667887,
    1.1007049786051115,
    1.0664485411842664,
    1.0775474962592124,
    1.060337865948677,
    1.0546935673554738,
    1.0320198905467988,
    1.031729309062163,
    1.0120334878563881,
    1.0149504414200783,
    0.9837834639847278,
    1.0234866810341676,
    1.0294573684036732,
    0.9996248130003611,
    1.0030255836248398,
    0.9953427713612716,
    0.992695594727993,
    0.9732563844323159,
    0.99581578835845,
    1.014361168841521,
    0.9698600022494793,
    1.0282338026662667,
    1.0173880016307035,
    0.9866801221172015,
    1.0358793099721273,
    1.0117563598354657,
    1.0035659491022428,
    1.0281266370415687,
    0.9588602691392104,
    1.006748430232207,
    1.0121610498428344,
    1.0717837856213253,
    1.0509572090705235,
    1.0208599028984706,
    1.0141049615542095,
    1.0246843679249287,
    1.005382647315661,
    0.9816899367173513,
    0.9937117886543274,
    0.964906121691068,
    0.927096387942632,
    0.9120062825083732,
    0.9179642960925897,
    0.9249767359097799,
    0.948323202530543,
    0.9209074843426546,
    0.9256892476479213,
    0.9281454439461231,
    0.9106674842039744,
    0.8987446108957132,
    0.9067779672642549,
    0.9441098127265771,
    0.9287291085720062,
    0.914343973249197,
    0.9379766586919626,
    0.8957887330154578,
    0.8990907609959443,
    0.9450159436961015,
    0.8888927857081096,
    0.8624166979889075
  ],
  "val_loss": [
    3.7139401347548873,
    3.7165433477472374,
    3.4267847582145974,
    3.587709625562032,
    3.4163870524477074,
    3.392802022121571,
    3.19463970374178,
    3.0697193145751953,
    2.9803032499772533,
    2.716824308589653,
    2.7152140151571342,
    2.5202309991474503,
    2.3915648890866175,
    2.1644930889209113,
    2.2284460879034467,
    2.125772918815966,
    2.1067168513933816,
    2.0213144377425865,
    2.013713757197062,
    1.864301742778884,
    1.8150006251202688,
    1.7572065464876316,
    1.7919352220164404,
    1.6670594767287925,
    1.6510904806631583,
    1.6137046245513138,
    1.5417423800185874,
    1.537108441469846,
    1.4710656222369936,
    1.4525069839976452,
    1.4443184311191242,
    1.4800678982778832,
    1.421309228848528,
    1.3304706513881683,
    1.389091227065634,
    1.3024123021297984,
    1.314746510375429,
    1.2728176754381921,
    1.3863439123939585,
    1.2117323875427246,
    1.3450258324543636,
    1.326821305685573,
    1.1845835381084018,
    1.1720964927916173,
    1.139296295190299,
    1.1399524708588917,
    1.1787286196593885,
    1.0942312451424423,
    1.207544130583604,
    1.111000862110544,
    1.233155179630827,
    1.0713836095399327,
    1.1345054452066068,
    1.0824542889992397,
    1.0174246474548623,
    1.0374131279963035,
    1.0616357116787523,
    1.0238513921697934,
    1.022292055465557,
    0.94033644127625,
    0.9572245842880673,
    0.9105798971873743,
    0.909953213400311,
    0.980964843597677,
    0.9177931064256916,
    0.8967407726579242,
    0.9234751829946483,
    0.9130937335667787,
    0.8965120122388557,
    0.8698700448429143,
    0.8634744548687229,
    0.8993363598430598,
    0.921931521208198,
    0.8631681499105913,
    0.8631328545786716,
    0.8749184423574695,
    0.873818354750121,
    0.8798252713901026,
    0.8376977338835045,
    0.8292776249625065
  ],
  "val_char_acc": [
    0.15641896157129198,
    0.18142202214831077,
    0.21644763746892556,
    0.23153125503432176,
    0.25478745177560624,
    0.27636598439193333,
    0.3268453598527693,
    0.35337446753725493,
    0.3855393509021262,
    0.43104547826908524,
    0.4300642181203077,
    0.46473007542227845,
    0.4854620059321322,
    0.5067060521879769,
    0.5041458196344928,
    0.5116740033248501,
    0.510246171797152,
    0.5296016733226234,
    0.5515126135496187,
    0.5557695228062192,
    0.5578024516377904,
    0.5750784555627083,
    0.5707019153848819,
    0.5810141020360414,
    0.5842986787083978,
    0.5996353942290464,
    0.602674401142776,
    0.6028688573261957,
    0.618618820194264,
    0.6151501276377913,
    0.6221637193765563,
    0.6108936747152162,
    0.6207729351263399,
    0.6444854225290333,
    0.6351693625008177,
    0.6459429020198472,
    0.644487000881769,
    0.6433490800284547,
    0.619204268841238,
    0.6623498090598074,
    0.6309444564821608,
    0.6343584414655734,
    0.6640446521301919,
    0.6678517960626178,
    0.6706982123997173,
    0.6730798496669509,
    0.6597766403443791,
    0.6753821989273706,
    0.6636024756536265,
    0.6727443744062408,
    0.6445523413577888,
    0.681640963334226,
    0.660140945919101,
    0.6813614250581039,
    0.6939254287802916,
    0.6878264063661134,
    0.6819049512049286,
    0.6970092328948087,
    0.6905506661455232,
    0.7080093364671665,
    0.7068527375932958,
    0.7130205368176072,
    0.7144116403858425,
    0.6984729193191289,
    0.7131451427055674,
    0.7186851483140517,
    0.7117073604238524,
    0.7165546154435757,
    0.7190055649086574,
    0.7227241759195208,
    0.7253797932961004,
    0.7172622274518088,
    0.7139341327335132,
    0.7239236689972236,
    0.7237305202600137,
    0.7227410438117718,
    0.7234458953125995,
    0.7226447241442766,
    0.732207296800241,
    0.7329125901265873
  ],
  "val_word_acc": [
    0.08179664928847034,
    0.1124429168312633,
    0.1365440138558906,
    0.1478098043437999,
    0.16767322360524073,
    0.18590101854676,
    0.23907363353650984,
    0.2583486320313086,
    0.2884637076313819,
    0.33235906496839657,
    0.3329815951065054,
    0.36418279081109345,
    0.3837869667781719,
    0.39998602769571573,
    0.41599988393079945,
    0.4141056800975329,
    0.411089060541745,
    0.4365542248486984,
    0.4540716507260645,
    0.44734485945336566,
    0.4601910682292636,
    0.4642372270556537,
    0.47203391838540065,
    0.4753033985233737,
    0.47604228062536874,
    0.48907402137874795,
    0.4951876949077724,
    0.49253244361511805,
    0.504429509841251,
    0.5117735412575456,
    0.5132920521664933,
    0.5090568194732716,
    0.5153922214330902,
    0.5291867114783975,
    0.5258559588864764,
    0.5291913696112204,
    0.5317036697209221,
    0.5281089937377073,
    0.5172740170448875,
    0.5478978805241438,
    0.521854993769085,
    0.5239646839490896,
    0.5435551293706465,
    0.5471772747536446,
    0.5466632595533654,
    0.5530086049502163,
    0.5461939135159567,
    0.5489132404798326,
    0.5522525841897916,
    0.5515752535997286,
    0.515774836039199,
    0.551788549777726,
    0.5429553047131233,
    0.5573468490522389,
    0.5659185213424883,
    0.5550891521040592,
    0.5543322503500845,
    0.5688056527551838,
    0.5511026815287107,
    0.5746273261863306,
    0.579141777219647,
    0.5850610389589209,
    0.5866689292815505,
    0.5761900612090621,
    0.5806807576060703,
    0.5857404317108216,
    0.5863875311688228,
    0.588904114917325,
    0.589343542039229,
    0.5923791256644247,
    0.5978677876649601,
    0.5855032095115081,
    0.5838613536710706,
    0.5916570636281766,
    0.5927331446375158,
    0.5940364590272862,
    0.5931562130259663,
    0.5914624489274746,
    0.5979842565012149,
    0.6000064250298978
  ],