{
  "train_loss": [
    2.440216137568156,
    2.017803598244985,
    1.8918995614846548,
    1.7904755552609761,
    1.6823484031359355,
    1.5791709742943445,
    1.4875274692475795,
    1.3985924658179283,
    1.3614665813247362,
    1.273767808030049,
    1.2136318130542834,
    1.155577044437329,
    1.090191965724031,
    1.045249037221074,
    1.0151626023401816,
    0.9668342049668233,
    0.9167108204091589,
    0.8906158679102858,
    0.8478509968022505,
    0.8491754113386075,
    0.8397780023142696,
    0.786027125629286,
    0.7604135672996442,
    0.7426893559098243,
    0.7141318767083188,
    0.7179082894014815,
    0.7027671244367957,
    0.6673836658336222,
    0.6385496842768044,
    0.7237878919765354,
    0.612738879310588,
    0.6205663028607766,
    0.6184948468394578,
    0.5848682981915772,
    0.6357807046175004,
    0.5717542077569912,
    0.5990389267976085,
    0.5243803784778962,
    0.6225010120340934,
    0.5356423267597954,
    0.5528909251031776,
    0.555095092272386,
    0.511679101480792,
    0.5358574784671267,
    0.5387791446503252,
    0.48924943869623044,
    0.5294172550737858,
    0.6584090805177887,
    0.5228821986168622,
    0.4663789648128053
  ],
  "val_loss": [
    3.3555477636831776,
    3.5174642624678434,
    3.3688498867882624,
    3.129842710715753,
    2.9556148515807257,
    2.7583084636264377,
    2.885828501648373,
    2.436843925328166,
    2.3032589427850865,
    2.2252528584665723,
    2.1224827859550714,
    1.9786827998856704,
    1.933184740650985,
    1.5016036533785087,
    1.7560997042391036,
    1.4560944794642705,
    1.3370550872275122,
    1.223600111487839,
    1.2838066894974973,
    1.097402638686752,
    1.0741570069006197,
    0.9296940212241478,
    0.9014793027330328,
    0.7963680811571302,
    0.8095112184269561,
    0.7829088902066427,
    0.6960786844051823,
    0.6399921577044383,
    0.6405949914241554,
    0.611197406977967,
    0.5719812337171148,
    0.7450471020269173,
    0.5474951729971778,
    0.5050734481946738,
    0.5180098871803946,
    0.49978993657148546,
    0.4762908678018936,
    0.43315187288034296,
    0.5419690675895523,
    0.41228079164607656,
    0.46105892785514396,
    0.463324245677709,
    0.41478822414797767,
    0.3996317434228129,
    0.3919743084417725,
    0.3702568587053705,
    0.35752433886820517,
    0.3728769247385639,
    0.3467599161969567,
    0.338894155273145
  ],
  "val_char_acc": [
    0.15824618595838746,
    0.1853465029735034,
    0.21639505498957293,
    0.2894838331512254,
    0.3430398388867515,
    0.38349635681225724,
    0.39746572720613194,
    0.4581890820808901,
    0.48964656409929647,
    0.5014932254835007,
    0.5305615579341414,
    0.5407006630985488,
    0.5507689566402904,
    0.6192882832231034,
    0.5927057778618212,
    0.6394256239393493,
    0.6560855911265352,
    0.6725573660147639,
    0.6633531373555704,
    0.7006628985199499,
    0.7099400053121628,
    0.7317340350431917,
    0.7382716510859427,
    0.7620927709305828,
    0.7635505127865844,
    0.7741358178725678,
    0.7882099672544686,
    0.7984743514006897,
    0.8036550200893701,
    0.809517475549037,
    0.8227672520160139,
    0.7894640212110128,
    0.832804101853811,
    0.843608558649463,
    0.8415784693080467,
    0.8481201043713337,
    0.8537707359262564,
    0.86281770461902,
    0.8488905519088561,
    0.8714295220705862,
    0.8639907790740149,
    0.8640043523817347,
    0.8787920612587947,
    0.8841666833432472,
    0.884143501126885,
    0.8859410967491693,
    0.8914709410732791,
    0.8889315513702039,
    0.8965219432306918,
    0.8991814559542223
  ],
  "val_word_acc": [
    0.077949397067107,
    0.1169078139998555,
    0.1453253054858465,
    0.20711560505602308,
    0.2561160317263224,
    0.29556642110042014,
    0.3064210573807689,
    0.3677614858283373,
    0.40408317581580294,
    0.4290142256280117,
    0.45359387131284273,
    0.4673554759275911,
    0.48072445579619905,
    0.5267929249151969,
    0.5282605442735243,
    0.555050710391824,
    0.5624739249619156,
    0.582918562980792,
    0.5825233067902694,
    0.5967075262253962,
    0.61170672394711,
    0.6282829070781779,
    0.6346099597137083,
    0.6536393519034523,
    0.646566086408795,
    0.6605780546639526,
    0.6780082848146315,
    0.6830285208096523,
    0.69228551072674,
    0.6937150281767013,
    0.7052724865419752,
    0.6730583465729222,
    0.7150513252531925,
    0.7183428886515922,
    0.7191443699835297,
    0.7308785674595342,
    0.7312686555173948,
    0.743777093185745,
    0.7267589237146075,
    0.74967480624624,
    0.7414900119702807,
    0.7443864224227768,
    0.7603431629006981,
    0.765731930150664,
    0.766536326956069,
    0.76864680331542,
    0.7718052857120641,
    0.7739208918206721,
    0.7806155418831296,
    0.7838020336401977
  ],
  "val_lev_dist": [
    51.584233261339094,
    51.25377969762419,
    50.406047516198704,
    48.32829373650108,
    46.622030237580994,
    45.27645788336933,
    44.488120950323975,
    42.12742980561555,
    40.80777537796976,
    39.41684665226782,
    38.3585313174946,
    37.54427645788337,
    36.41684665226782,
    32.71166306695464,
    32.34341252699784,
    30.69222462203024,
    29.70086393088553,
    28.624190064794817,
    28.48596112311015,
    26.49244060475162,
    25.927645788336932,
    24.574514038876888,
    23.965442764578835,
    22.504319654427647,
    22.093952483801296,
    21.266738660907127,
    20.28941684665227,
    19.547516198704102,
    18.889848812095032,
    18.49892008639309,
    17.296976241900648,
    19.400647948164146,
    16.481641468682504,
    15.54535637149028,
    15.6792656587473,
    14.993520518358531,
    14.565874730021598,
    13.712742980561556,
    14.32829373650108,
    13.003239740820735,
    13.448164146868251,
    13.494600431965443,
    12.069114470842333,
    11.726781857451403,
    11.643628509719223,
    11.368250539956803,
    10.974082073434126,
    10.93304535637149,
    10.54535637149028,
    10.237580993520519
  ]
}